id,sex,weight,height,weight_kg,height_m,BMI
1,M,190,77,85.5,1.9558,22.35204335478666
2,F,120,70,54.0,1.778,17.081666816394858
3,F,110,68,49.5,1.7271999999999998,16.592810002229005
4,M,150,72,67.5,1.8288,20.18233203133073
5,O,120,66,54.0,1.6764,19.214914462886778
6,M,120,60,54.0,1.524,23.250046500093
7,F,140,70,63.0,1.778,19.928611285794
